Num_Sample,Accuracy,F1 Score,Precision,Recall
100,0.98,0.9761904761904762,1.0,0.9534883720930232
1000,0.99,0.9882352941176472,1.0,0.9767441860465116
10000,1.0,1.0,1.0,1.0
10,0.92,0.9090909090909092,0.8888888888888888,0.9302325581395348
100000,1.0,1.0,1.0,1.0
1000000,1.0,1.0,1.0,1.0
